time,I
2.510634,81.81
3.693436,76.57
