time,I
0.247343,103.40
0.454759,97.51
0.668395,90.31
0.777958,84.42
0.999271,77.22
6.560541,82.46
