time,I
0.194314,118.45
0.518918,85.08
0.854556,75.26
1.056014,80.50
1.703736,75.26
2.126223,91.62
2.453488,85.73
2.553363,91.62
3.088384,103.40
4.059855,94.89
4.377205,106.67
4.592662,100.13
5.025239,105.37
5.126970,100.13
5.554335,125.00
5.660991,115.84
9.741522,78.53
