time,I
6.099376,55.63
9.610271,60.86
