time,I
0.920113,49.74
2.207462,54.97
2.746341,60.86
3.272667,54.32
3.383750,64.14
3.489857,54.32
