time,I
0.439459,75.26
3.239668,81.15
6.247203,71.99
7.427184,84.42
