time,I
0.566690,80.50
1.107972,71.99
1.210980,77.22
1.643031,91.62
1.961488,98.82
2.173419,104.06
2.607844,114.53
2.822001,125.65
2.929062,130.89
3.043029,125.65
3.142098,119.11
3.264775,126.31
3.572231,117.15
3.678522,124.34
6.788474,119.11
7.647010,110.60
8.288542,125.00
8.613364,130.24
